[
    {
        "name": "Albany Technical College",
        "slug": "albanytechnicalcollege",
        "division": "DI"
    },
    {
        "name": "Allegany College of Maryland",
        "slug": "alleganycollegeofmaryland",
        "division": "DI"
    },
    {
        "name": "Andrew College",
        "slug": "andrewcollege",
        "division": "DI"
    },
    {
        "name": "Angelina College",
        "slug": "angelinacollege",
        "division": "DI"
    },
    {
        "name": "Arizona Western College",
        "slug": "arizonawesterncollege",
        "division": "DI"
    },
    {
        "name": "Baltimore City Community College",
        "slug": "baltimorecitycommunitycollege",
        "division": "DI"
    },
    {
        "name": "Barton Community College",
        "slug": "bartoncommunitycollege",
        "division": "DI"
    },
    {
        "name": "Baton Rouge Community College",
        "slug": "batonrougecommunitycollege",
        "division": "DI"
    },
    {
        "name": "Bishop State Community College",
        "slug": "bishopstatecommunitycollege",
        "division": "DI"
    },
    {
        "name": "Blinn College",
        "slug": "blinncollege",
        "division": "DI"
    },
    {
        "name": "Bossier Parish Community College",
        "slug": "bossierparishcommunitycollege",
        "division": "DI"
    },
    {
        "name": "Brunswick Community College",
        "slug": "brunswickcommunitycollege",
        "division": "DI"
    },
    {
        "name": "Butler Community College - KS",
        "slug": "butlercommunitycollegeks",
        "division": "DI"
    },
    {
        "name": "Caldwell Community College",
        "slug": "caldwellcommunitycollegetechnicali",
        "division": "DI"
    },
    {
        "name": "Calhoun Community College",
        "slug": "calhouncommunitycollege",
        "division": "DI"
    },
    {
        "name": "Cape Fear Community College",
        "slug": "capefearcommunitycollege",
        "division": "DI"
    },
    {
        "name": "Casper College",
        "slug": "caspercollege",
        "division": "DI"
    },
    {
        "name": "Central Arizona College",
        "slug": "centralarizonacollege",
        "division": "DI"
    },
    {
        "name": "Central Georgia Technical College",
        "slug": "centralgeorgiatechnicalcollege",
        "division": "DI"
    },
    {
        "name": "Central Wyoming College",
        "slug": "centralwyomingcollege",
        "division": "DI"
    },
    {
        "name": "Chattanooga State Community College",
        "slug": "chattanoogastatecommunitycollege",
        "division": "DI"
    },
    {
        "name": "Chipola College",
        "slug": "chipolacollege",
        "division": "DI"
    },
    {
        "name": "Clarendon College",
        "slug": "clarendoncollege",
        "division": "DI"
    },
    {
        "name": "Cleveland State Community College",
        "slug": "clevelandstatecommunitycollege",
        "division": "DI"
    },
    {
        "name": "Cloud County Community College",
        "slug": "cloudcountycommunitycollege",
        "division": "DI"
    },
    {
        "name": "Coahoma Community College",
        "slug": "coahomacommunitycollege",
        "division": "DI"
    },
    {
        "name": "Coastal Alabama - South",
        "slug": "coastalalabamasouth",
        "division": "DI"
    },
    {
        "name": "Coastal Bend College",
        "slug": "coastalbendcollege",
        "division": "DI"
    },
    {
        "name": "Cochise College",
        "slug": "cochisecollege",
        "division": "DI"
    },
    {
        "name": "Coffeyville Community College",
        "slug": "coffeyvillecommunitycollege",
        "division": "DI"
    },
    {
        "name": "Colby Community College",
        "slug": "colbycommunitycollege",
        "division": "DI"
    },
    {
        "name": "College of Southern Idaho",
        "slug": "collegeofsouthernidaho",
        "division": "DI"
    },
    {
        "name": "College of Southern Nevada",
        "slug": "collegeofsouthernnevada",
        "division": "DI"
    },
    {
        "name": "Collin County Community College",
        "slug": "collincountycommunitycollege",
        "division": "DI"
    },
    {
        "name": "Colorado Northwestern CC",
        "slug": "coloradonorthwesterncommunitycollege",
        "division": "DI"
    },
    {
        "name": "Columbia State Community College",
        "slug": "columbiastatecommunitycollege",
        "division": "DI"
    },
    {
        "name": "Community Christian College",
        "slug": "communitychristiancollege",
        "division": "DI"
    },
    {
        "name": "Connors State College",
        "slug": "connorsstatecollege",
        "division": "DI"
    },
    {
        "name": "Copiah-Lincoln Community College",
        "slug": "copiahlincolncommunitycollege",
        "division": "DI"
    },
    {
        "name": "Cowley County Community College",
        "slug": "cowleycountycommunitycollege",
        "division": "DI"
    },
    {
        "name": "Dawson Community College",
        "slug": "dawsoncommunitycollege",
        "division": "DI"
    },
    {
        "name": "Daytona State College",
        "slug": "daytonastatecollege",
        "division": "DI"
    },
    {
        "name": "Delgado Community College",
        "slug": "delgadocommunitycollege",
        "division": "DI"
    },
    {
        "name": "Denmark Technical College",
        "slug": "denmarktechnicalcollege",
        "division": "DI"
    },
    {
        "name": "Dodge City Community College",
        "slug": "dodgecitycommunitycollege",
        "division": "DI"
    },
    {
        "name": "Dyersburg State Community College",
        "slug": "dyersburgstatecommunitycollege",
        "division": "DI"
    },
    {
        "name": "East Central Community College",
        "slug": "eastcentralcommunitycollege",
        "division": "DI"
    },
    {
        "name": "East Georgia State College",
        "slug": "eastgeorgiastatecollege",
        "division": "DI"
    },
    {
        "name": "East Mississippi Community College",
        "slug": "eastmississippicommunitycollege",
        "division": "DI"
    },
    {
        "name": "Eastern Arizona College",
        "slug": "easternarizonacollege",
        "division": "DI"
    },
    {
        "name": "Eastern Florida State College",
        "slug": "easternfloridastatecollege",
        "division": "DI"
    },
    {
        "name": "Eastern Oklahoma State College",
        "slug": "easternoklahomastatecollege",
        "division": "DI"
    },
    {
        "name": "Eastern Wyoming College",
        "slug": "easternwyomingcollege",
        "division": "DI"
    },
    {
        "name": "Florida SouthWestern State College",
        "slug": "floridasouthwesternstatecollege",
        "division": "DI"
    },
    {
        "name": "Fort Hays Tech Northwest",
        "slug": "forthaystechnorthwest",
        "division": "DI"
    },
    {
        "name": "Frank Phillips College",
        "slug": "frankphillipscollege",
        "division": "DI"
    },
    {
        "name": "Gadsden State Community College",
        "slug": "gadsdenstatecommunitycollege",
        "division": "DI"
    },
    {
        "name": "Garden City Community College",
        "slug": "gardencitycommunitycollege",
        "division": "DI"
    },
    {
        "name": "Gaston College",
        "slug": "gastoncollege",
        "division": "DI"
    },
    {
        "name": "Georgia Highlands College",
        "slug": "georgiahighlandscollege",
        "division": "DI"
    },
    {
        "name": "Gillette College",
        "slug": "gillettecollege",
        "division": "DI"
    },
    {
        "name": "Gordon State College",
        "slug": "gordonstatecollege",
        "division": "DI"
    },
    {
        "name": "Grayson College",
        "slug": "graysoncollege",
        "division": "DI"
    },
    {
        "name": "Gulf Coast State College",
        "slug": "gulfcoaststatecollege",
        "division": "DI"
    },
    {
        "name": "Hagerstown Community College",
        "slug": "hagerstowncommunitycollege",
        "division": "DI"
    },
    {
        "name": "Harcum College",
        "slug": "harcumcollege",
        "division": "DI"
    },
    {
        "name": "Harford Community College",
        "slug": "harfordcommunitycollege",
        "division": "DI"
    },
    {
        "name": "Harry S. Truman College",
        "slug": "harrystrumancollege",
        "division": "DI"
    },
    {
        "name": "Highland CC Illinois",
        "slug": "highlandcommunitycollegeillinois",
        "division": "DI"
    },
    {
        "name": "Hill College",
        "slug": "hillcollege",
        "division": "DI"
    },
    {
        "name": "Hillsborough Community College",
        "slug": "hillsboroughcommunitycollege",
        "division": "DI"
    },
    {
        "name": "Hinds Community College",
        "slug": "hindscommunitycollege",
        "division": "DI"
    },
    {
        "name": "Holmes Community College",
        "slug": "holmescommunitycollege",
        "division": "DI"
    },
    {
        "name": "Howard College",
        "slug": "howardcollege",
        "division": "DI"
    },
    {
        "name": "Hutchinson Community College",
        "slug": "hutchinsoncommunitycollege",
        "division": "DI"
    },
    {
        "name": "Independence Community College",
        "slug": "independencecommunitycollege",
        "division": "DI"
    },
    {
        "name": "Indian Hills Community College",
        "slug": "indianhillscommunitycollege",
        "division": "DI"
    },
    {
        "name": "Indian River State College",
        "slug": "indianriverstatecollege",
        "division": "DI"
    },
    {
        "name": "Itawamba Community College",
        "slug": "itawambacommunitycollege",
        "division": "DI"
    },
    {
        "name": "Jackson State CC",
        "slug": "jacksonstatecommunitycollege",
        "division": "DI"
    },
    {
        "name": "John A. Logan College",
        "slug": "johnalogancollege",
        "division": "DI"
    },
    {
        "name": "Jones College",
        "slug": "jonescollege",
        "division": "DI"
    },
    {
        "name": "Kankakee Community College",
        "slug": "kankakeecommunitycollege",
        "division": "DI"
    },
    {
        "name": "Kaskaskia College",
        "slug": "kaskaskiacollege",
        "division": "DI"
    },
    {
        "name": "Kennedy-King College",
        "slug": "kennedykingcollege",
        "division": "DI"
    },
    {
        "name": "Kilgore College",
        "slug": "kilgorecollege",
        "division": "DI"
    },
    {
        "name": "Lake Land College",
        "slug": "lakelandcollege",
        "division": "DI"
    },
    {
        "name": "Lake Region State ND",
        "slug": "lakeregionstatecollegend",
        "division": "DI"
    },
    {
        "name": "Lamar Community College",
        "slug": "lamarcommunitycollege",
        "division": "DI"
    },
    {
        "name": "Lamar State Port Arthur",
        "slug": "lamarstatecollegeportarthur",
        "division": "DI"
    },
    {
        "name": "Laramie County CC",
        "slug": "laramiecountycommunitycollege",
        "division": "DI"
    },
    {
        "name": "Lawson State Community College",
        "slug": "lawsonstatecommunitycollege",
        "division": "DI"
    },
    {
        "name": "Lee College",
        "slug": "leecollege",
        "division": "DI"
    },
    {
        "name": "Lincoln Trail College",
        "slug": "lincolntrailcollege",
        "division": "DI"
    },
    {
        "name": "Malcolm X College",
        "slug": "malcolmxcollege",
        "division": "DI"
    },
    {
        "name": "Marshalltown CC",
        "slug": "marshalltowncc",
        "division": "DI"
    },
    {
        "name": "McCook Community College",
        "slug": "mccookcommunitycollege",
        "division": "DI"
    },
    {
        "name": "McLennan Community College",
        "slug": "mclennancommunitycollege",
        "division": "DI"
    },
    {
        "name": "Meridian Community College",
        "slug": "meridiancommunitycollege",
        "division": "DI"
    },
    {
        "name": "Miami Dade College",
        "slug": "miamidadecollege",
        "division": "DI"
    },
    {
        "name": "Midland College",
        "slug": "midlandcollege",
        "division": "DI"
    },
    {
        "name": "Miles Community College",
        "slug": "milescommunitycollege",
        "division": "DI"
    },
    {
        "name": "Mineral Area College",
        "slug": "mineralareacollege",
        "division": "DI"
    },
    {
        "name": "Mississippi Delta CC",
        "slug": "mississippideltacommunitycollege",
        "division": "DI"
    },
    {
        "name": "Mississippi Gulf Coast CC",
        "slug": "mississippigulfcoastcommunitycollege",
        "division": "DI"
    },
    {
        "name": "Missouri State West Plains",
        "slug": "missouristateuniversitywestplains",
        "division": "DI"
    },
    {
        "name": "Moberly Area CC",
        "slug": "moberlyareacommunitycollege",
        "division": "DI"
    },
    {
        "name": "Monroe University",
        "slug": "monroeuniversity",
        "division": "DI"
    },
    {
        "name": "Motlow State CC",
        "slug": "motlowstatecommunitycollege",
        "division": "DI"
    },
    {
        "name": "Murray State College",
        "slug": "murraystatecollege",
        "division": "DI"
    },
    {
        "name": "Navarro College",
        "slug": "navarrocollege",
        "division": "DI"
    },
    {
        "name": "New Mexico Junior College",
        "slug": "newmexicojuniorcollege",
        "division": "DI"
    },
    {
        "name": "New Mexico Military Institute",
        "slug": "newmexicomilitaryinstitute",
        "division": "DI"
    },
    {
        "name": "North Dakota Science",
        "slug": "northdakotastatecollegeofscience",
        "division": "DI"
    },
    {
        "name": "North Idaho College",
        "slug": "northidahocollege",
        "division": "DI"
    },
    {
        "name": "North Platte CC",
        "slug": "northplattecommunitycollege",
        "division": "DI"
    },
    {
        "name": "Northeast Mississippi CC",
        "slug": "northeastmississippicommunitycollege",
        "division": "DI"
    },
    {
        "name": "Northeastern Junior College",
        "slug": "northeasternjuniorcollege",
        "division": "DI"
    },
    {
        "name": "Northeastern Oklahoma A&M",
        "slug": "northeasternoklahomaamcollege",
        "division": "DI"
    },
    {
        "name": "Northern Oklahoma-Enid",
        "slug": "northernoklahomacollegeenid",
        "division": "DI"
    },
    {
        "name": "Northern Oklahoma-Tonkawa",
        "slug": "northernoklahomacollegetonkawa",
        "division": "DI"
    },
    {
        "name": "Northwest College",
        "slug": "northwestcollege",
        "division": "DI"
    },
    {
        "name": "Northwest Florida State",
        "slug": "northwestfloridastatecollege",
        "division": "DI"
    },
    {
        "name": "Northwest Mississippi CC",
        "slug": "northwestmississippicommunitycollege",
        "division": "DI"
    },
    {
        "name": "Odessa College",
        "slug": "odessacollege",
        "division": "DI"
    },
    {
        "name": "Olive-Harvey College",
        "slug": "oliveharveycollege",
        "division": "DI"
    },
    {
        "name": "Olney Central College",
        "slug": "olneycentralcollege",
        "division": "DI"
    },
    {
        "name": "Otero College",
        "slug": "oterocollege",
        "division": "DI"
    },
    {
        "name": "Panola College",
        "slug": "panolacollege",
        "division": "DI"
    },
    {
        "name": "Paris Junior College",
        "slug": "parisjuniorcollege",
        "division": "DI"
    },
    {
        "name": "Pearl River CC",
        "slug": "pearlrivercommunitycollege",
        "division": "DI"
    },
    {
        "name": "Pellissippi State CC",
        "slug": "pellissippistatecommunitycollege",
        "division": "DI"
    },
    {
        "name": "Pensacola State College",
        "slug": "pensacolastatecollege",
        "division": "DI"
    },
    {
        "name": "Polk State College",
        "slug": "polkstatecollege",
        "division": "DI"
    },
    {
        "name": "Pratt Community College",
        "slug": "prattcommunitycollege",
        "division": "DI"
    },
    {
        "name": "Ranger College",
        "slug": "rangercollege",
        "division": "DI"
    },
    {
        "name": "Redlands Community College",
        "slug": "redlandscommunitycollege",
        "division": "DI"
    },
    {
        "name": "Richard Bland College",
        "slug": "richardblandcollege",
        "division": "DI"
    },
    {
        "name": "Richard J. Daley College",
        "slug": "richardjdaleycollege",
        "division": "DI"
    },
    {
        "name": "Roane State CC",
        "slug": "roanestatecommunitycollege",
        "division": "DI"
    },
    {
        "name": "Salt Lake CC",
        "slug": "saltlakecommunitycollege",
        "division": "DI"
    },
    {
        "name": "Santa Fe College",
        "slug": "santafecollege",
        "division": "DI"
    },
    {
        "name": "Sauk Valley CC",
        "slug": "saukvalleycommunitycollege",
        "division": "DI"
    },
    {
        "name": "Seminole State College",
        "slug": "seminolestatecollege",
        "division": "DI"
    },
    {
        "name": "Seward County",
        "slug": "sewardcounty",
        "division": "DI"
    },
    {
        "name": "Shawnee CC",
        "slug": "shawneecommunitycollege",
        "division": "DI"
    },
    {
        "name": "Shelton State CC",
        "slug": "sheltonstatecommunitycollege",
        "division": "DI"
    },
    {
        "name": "Snow College",
        "slug": "snowcollege",
        "division": "DI"
    },
    {
        "name": "South Georgia State",
        "slug": "southgeorgiastatecollege",
        "division": "DI"
    },
    {
        "name": "South Georgia Technical",
        "slug": "southgeorgiatechnicalcollege",
        "division": "DI"
    },
    {
        "name": "South Plains College",
        "slug": "southplainscollege",
        "division": "DI"
    },
    {
        "name": "Southeast CC",
        "slug": "southeastcommunitycollege",
        "division": "DI"
    },
    {
        "name": "Southeastern CC",
        "slug": "southeasterncommunitycollege",
        "division": "DI"
    },
    {
        "name": "Southern Crescent Technical",
        "slug": "southerncrescenttechnicalcollege",
        "division": "DI"
    },
    {
        "name": "Southern Union State",
        "slug": "southernunionstatecommunitycollege",
        "division": "DI"
    },
    {
        "name": "Southern University-Shreveport",
        "slug": "southernuniversityshreveport",
        "division": "DI"
    },
    {
        "name": "Southwest Mississippi CC",
        "slug": "southwestmississippicommunitycollege",
        "division": "DI"
    },
    {
        "name": "Southwest Tennessee CC",
        "slug": "southwesttennesseecommunitycollege",
        "division": "DI"
    },
    {
        "name": "Southwestern Christian",
        "slug": "southwesternchristiancollege",
        "division": "DI"
    },
    {
        "name": "Southwestern Illinois",
        "slug": "southwesternillinoiscollege",
        "division": "DI"
    },
    {
        "name": "St. Petersburg College",
        "slug": "stpetersburgcollege",
        "division": "DI"
    },
    {
        "name": "State Fair CC",
        "slug": "statefaircommunitycollege",
        "division": "DI"
    },
    {
        "name": "Tallahassee State",
        "slug": "tallahasseestatecollege",
        "division": "DI"
    },
    {
        "name": "Temple College",
        "slug": "templecollege",
        "division": "DI"
    },
    {
        "name": "Three Rivers MO",
        "slug": "threeriverscollegemo",
        "division": "DI"
    },
    {
        "name": "Trinidad State",
        "slug": "trinidadstatecollege",
        "division": "DI"
    },
    {
        "name": "Trinity Valley CC",
        "slug": "trinityvalleycommunitycollege",
        "division": "DI"
    },
    {
        "name": "Triton College",
        "slug": "tritoncollege",
        "division": "DI"
    },
    {
        "name": "Tyler Junior College",
        "slug": "tylerjuniorcollege",
        "division": "DI"
    },
    {
        "name": "USC Salkehatchie",
        "slug": "uscsalkehatchie",
        "division": "DI"
    },
    {
        "name": "Utah State Eastern",
        "slug": "utahstateeastern",
        "division": "DI"
    },
    {
        "name": "Vincennes University",
        "slug": "vincennesuniversity",
        "division": "DI"
    },
    {
        "name": "Volunteer State CC",
        "slug": "volunteerstatecommunitycollege",
        "division": "DI"
    },
    {
        "name": "Wabash Valley College",
        "slug": "wabashvalleycollege",
        "division": "DI"
    },
    {
        "name": "Wake Technical CC",
        "slug": "waketechnicalcommunitycollege",
        "division": "DI"
    },
    {
        "name": "Wallace State-Hanceville",
        "slug": "wallacestatecommunitycollegehancevil",
        "division": "DI"
    },
    {
        "name": "Walters State CC",
        "slug": "waltersstatecommunitycollege",
        "division": "DI"
    },
    {
        "name": "Weatherford College",
        "slug": "weatherfordcollege",
        "division": "DI"
    },
    {
        "name": "Western Nebraska CC",
        "slug": "westernnebraskacommunitycollege",
        "division": "DI"
    },
    {
        "name": "Western Oklahoma State",
        "slug": "westernoklahomastatecollege",
        "division": "DI"
    },
    {
        "name": "Western Texas College",
        "slug": "westerntexascollege",
        "division": "DI"
    },
    {
        "name": "Western Wyoming CC",
        "slug": "westernwyomingcommunitycollege",
        "division": "DI"
    },
    {
        "name": "Wilbur Wright College",
        "slug": "wilburwrightcollege",
        "division": "DI"
    },
    {
        "name": "Williston State College",
        "slug": "willistonstatecollege",
        "division": "DI"
    },
    {
        "name": "Yavapai College",
        "slug": "yavapaicollege",
        "division": "DI"
    },
    {
        "name": "Allen County Community College",
        "slug": "allencountycommunitycollege",
        "division": "DII"
    },
    {
        "name": "Alpena Community College",
        "slug": "alpenacommunitycollege",
        "division": "DII"
    },
    {
        "name": "Anne Arundel Community College",
        "slug": "annearundelcommunitycollege",
        "division": "DII"
    },
    {
        "name": "Arkansas State Mid-South",
        "slug": "arkansasstatemidsouth",
        "division": "DII"
    },
    {
        "name": "Arkansas State-Newport",
        "slug": "arkansasstatenewport",
        "division": "DII"
    },
    {
        "name": "Bay College",
        "slug": "baycollege",
        "division": "DII"
    },
    {
        "name": "Bevill State Community College",
        "slug": "bevillstatecommunitycollege",
        "division": "DII"
    },
    {
        "name": "Black Hawk College",
        "slug": "blackhawkcollege",
        "division": "DII"
    },
    {
        "name": "Blackhawk Technical College",
        "slug": "blackhawktechnicalcollege",
        "division": "DII"
    },
    {
        "name": "Bryant & Stratton (Ohio)",
        "slug": "bryantstrattonohio",
        "division": "DII"
    },
    {
        "name": "Bryant & Stratton College (VA)",
        "slug": "bryantstrattoncollegeva",
        "division": "DII"
    },
    {
        "name": "Bryant and Stratton College (WI)",
        "slug": "bryantandstrattoncollegewi",
        "division": "DII"
    },
    {
        "name": "CCBC Catonsville",
        "slug": "ccbccatonsville",
        "division": "DII"
    },
    {
        "name": "CCBC Dundalk",
        "slug": "ccbcdundalk",
        "division": "DII"
    },
    {
        "name": "Carl Sandburg College",
        "slug": "carlsandburgcollege",
        "division": "DII"
    },
    {
        "name": "Catawba Valley Community College",
        "slug": "catawbavalleycommunitycollege",
        "division": "DII"
    },
    {
        "name": "Cecil College",
        "slug": "cecilcollege",
        "division": "DII"
    },
    {
        "name": "Central Carolina Community College",
        "slug": "centralcarolinacommunitycollege",
        "division": "DII"
    },
    {
        "name": "Central Community College",
        "slug": "centralcommunitycollege",
        "division": "DII"
    },
    {
        "name": "Chandler-Gilbert Community College",
        "slug": "chandlergilbertcommunitycollege",
        "division": "DII"
    },
    {
        "name": "Chattahoochee Valley Community College",
        "slug": "chattahoocheevalleycommunitycollege",
        "division": "DII"
    },
    {
        "name": "Chesapeake College",
        "slug": "chesapeakecollege",
        "division": "DII"
    },
    {
        "name": "Clark State College",
        "slug": "clarkstatecollege",
        "division": "DII"
    },
    {
        "name": "Cleveland Community College",
        "slug": "clevelandcommunitycollege",
        "division": "DII"
    },
    {
        "name": "Coastal Alabama - North",
        "slug": "coastalalabamanorth",
        "division": "DII"
    },
    {
        "name": "College of DuPage",
        "slug": "collegeofdupage",
        "division": "DII"
    },
    {
        "name": "College of Lake County",
        "slug": "collegeoflakecounty",
        "division": "DII"
    },
    {
        "name": "College of Southern Maryland",
        "slug": "collegeofsouthernmaryland",
        "division": "DII"
    },
    {
        "name": "Community Christian (Mich.)",
        "slug": "communitychristianmich",
        "division": "DII"
    },
    {
        "name": "Community College of Beaver County",
        "slug": "communitycollegeofbeavercounty",
        "division": "DII"
    },
    {
        "name": "County College of Morris",
        "slug": "countycollegeofmorris",
        "division": "DII"
    },
    {
        "name": "Cuyahoga Community College",
        "slug": "cuyahogacommunitycollege",
        "division": "DII"
    },
    {
        "name": "Dakota College at Bottineau",
        "slug": "dakotacollegeatbottineau",
        "division": "DII"
    },
    {
        "name": "Dakota County Technical College",
        "slug": "dakotacountytechnicalcollege",
        "division": "DII"
    },
    {
        "name": "Danville Area Community College",
        "slug": "danvilleareacommunitycollege",
        "division": "DII"
    },
    {
        "name": "Davidson-Davie Community College",
        "slug": "davidsondaviecommunitycollege",
        "division": "DII"
    },
    {
        "name": "Delaware Technical Community College",
        "slug": "delawaretechnicalcommunitycollege",
        "division": "DII"
    },
    {
        "name": "Delta College",
        "slug": "deltacollege",
        "division": "DII"
    },
    {
        "name": "Des Moines Area Community College",
        "slug": "desmoinesareacommunitycollege",
        "division": "DII"
    },
    {
        "name": "Edison State",
        "slug": "edisonstate",
        "division": "DII"
    },
    {
        "name": "Elgin Community College",
        "slug": "elgincommunitycollege",
        "division": "DII"
    },
    {
        "name": "Ellsworth Community College",
        "slug": "ellsworthcommunitycollege",
        "division": "DII"
    },
    {
        "name": "Enterprise State Community College",
        "slug": "enterprisestatecommunitycollege",
        "division": "DII"
    },
    {
        "name": "Erie Community College",
        "slug": "eriecommunitycollege",
        "division": "DII"
    },
    {
        "name": "Essex County College",
        "slug": "essexcountycollege",
        "division": "DII"
    },
    {
        "name": "Fayetteville Technical CC",
        "slug": "fayettevilletechnicalcc",
        "division": "DII"
    },
    {
        "name": "Florida Gateway College",
        "slug": "floridagatewaycollege",
        "division": "DII"
    },
    {
        "name": "Florida State College at Jacksonville",
        "slug": "floridastatecollegeatjacksonville",
        "division": "DII"
    },
    {
        "name": "Forsyth Technical Community College",
        "slug": "forsythtechnicalcommunitycollege",
        "division": "DII"
    },
    {
        "name": "Fort Scott Community College",
        "slug": "fortscottcommunitycollege",
        "division": "DII"
    },
    {
        "name": "Frederick Community College",
        "slug": "frederickcommunitycollege",
        "division": "DII"
    },
    {
        "name": "Garrett College",
        "slug": "garrettcollege",
        "division": "DII"
    },
    {
        "name": "Glen Oaks Community College",
        "slug": "glenoakscommunitycollege",
        "division": "DII"
    },
    {
        "name": "Glendale Community College",
        "slug": "glendalecommunitycollege",
        "division": "DII"
    },
    {
        "name": "Gogebic Community College",
        "slug": "gogebiccommunitycollege",
        "division": "DII"
    },
    {
        "name": "Grand Rapids Community College",
        "slug": "grandrapidscommunitycollege",
        "division": "DII"
    },
    {
        "name": "Guilford Technical Community College",
        "slug": "guilfordtechnicalcommunitycollege",
        "division": "DII"
    },
    {
        "name": "Harper College",
        "slug": "harpercollege",
        "division": "DII"
    },
    {
        "name": "Henry Ford College",
        "slug": "henryfordcollege",
        "division": "DII"
    },
    {
        "name": "Highland Community College - Kansas",
        "slug": "highlandcommunitycollegekansas",
        "division": "DII"
    },
    {
        "name": "Hocking College",
        "slug": "hockingcollege",
        "division": "DII"
    },
    {
        "name": "Howard Community College",
        "slug": "howardcommunitycollege",
        "division": "DII"
    },
    {
        "name": "Illinois Central College",
        "slug": "illinoiscentralcollege",
        "division": "DII"
    },
    {
        "name": "Illinois Valley Community College",
        "slug": "illinoisvalleycommunitycollege",
        "division": "DII"
    },
    {
        "name": "Iowa Central Community College",
        "slug": "iowacentralcommunitycollege",
        "division": "DII"
    },
    {
        "name": "Iowa Lakes Community College",
        "slug": "iowalakescommunitycollege",
        "division": "DII"
    },
    {
        "name": "Iowa Western Community College",
        "slug": "iowawesterncommunitycollege",
        "division": "DII"
    },
    {
        "name": "Jackson College",
        "slug": "jacksoncollege",
        "division": "DII"
    },
    {
        "name": "Jamestown Community College",
        "slug": "jamestowncommunitycollege",
        "division": "DII"
    },
    {
        "name": "Jefferson College",
        "slug": "jeffersoncollege",
        "division": "DII"
    },
    {
        "name": "John Wood Community College",
        "slug": "johnwoodcommunitycollege",
        "division": "DII"
    },
    {
        "name": "Johnson County Community College",
        "slug": "johnsoncountycommunitycollege",
        "division": "DII"
    },
    {
        "name": "Johnston Community College",
        "slug": "johnstoncommunitycollege",
        "division": "DII"
    },
    {
        "name": "Kalamazoo Valley Community College",
        "slug": "kalamazoovalleycommunitycollege",
        "division": "DII"
    },
    {
        "name": "Kansas City Kansas Community College",
        "slug": "kansascitykansascommunitycollege",
        "division": "DII"
    },
    {
        "name": "Kellogg Community College",
        "slug": "kelloggcommunitycollege",
        "division": "DII"
    },
    {
        "name": "Kirkwood Community College",
        "slug": "kirkwoodcommunitycollege",
        "division": "DII"
    },
    {
        "name": "Kirtland Community College",
        "slug": "kirtlandcommunitycollege",
        "division": "DII"
    },
    {
        "name": "Kishwaukee College",
        "slug": "kishwaukeecollege",
        "division": "DII"
    },
    {
        "name": "Labette Community College",
        "slug": "labettecommunitycollege",
        "division": "DII"
    },
    {
        "name": "Lackawanna College",
        "slug": "lackawannacollege",
        "division": "DII"
    },
    {
        "name": "Lake Michigan College",
        "slug": "lakemichigancollege",
        "division": "DII"
    },
    {
        "name": "Lakeland Community College",
        "slug": "lakelandcommunitycollege",
        "division": "DII"
    },
    {
        "name": "Lansing Community College",
        "slug": "lansingcommunitycollege",
        "division": "DII"
    },
    {
        "name": "Lewis & Clark Community College",
        "slug": "lewisclarkcommunitycollege",
        "division": "DII"
    },
    {
        "name": "Lincoln Land Community College",
        "slug": "lincolnlandcommunitycollege",
        "division": "DII"
    },
    {
        "name": "Louisburg College",
        "slug": "louisburgcollege",
        "division": "DII"
    },
    {
        "name": "Lurleen B. Wallace Community College",
        "slug": "lurleenbwallacecommunitycollege",
        "division": "DII"
    },
    {
        "name": "Macomb Community College",
        "slug": "macombcommunitycollege",
        "division": "DII"
    },
    {
        "name": "Madison College",
        "slug": "madisoncollege",
        "division": "DII"
    },
    {
        "name": "Marian University Ancilla",
        "slug": "marianuniversityancilla",
        "division": "DII"
    },
    {
        "name": "Marion Military Institute",
        "slug": "marionmilitaryinstitute",
        "division": "DII"
    },
    {
        "name": "McHenry County College",
        "slug": "mchenrycountycollege",
        "division": "DII"
    },
    {
        "name": "Mercer County Community College",
        "slug": "mercercountycommunitycollege",
        "division": "DII"
    },
    {
        "name": "Mesa Community College",
        "slug": "mesacommunitycollege",
        "division": "DII"
    },
    {
        "name": "Metropolitan Community College",
        "slug": "metropolitancommunitycollege",
        "division": "DII"
    },
    {
        "name": "Mid Michigan College",
        "slug": "midmichigancollege",
        "division": "DII"
    },
    {
        "name": "Middlesex College",
        "slug": "middlesexcollege",
        "division": "DII"
    },
    {
        "name": "Milwaukee Area Technical College",
        "slug": "milwaukeeareatechnicalcollege",
        "division": "DII"
    },
    {
        "name": "Monroe Community College",
        "slug": "monroecommunitycollege",
        "division": "DII"
    },
    {
        "name": "Montcalm Community College",
        "slug": "montcalmcommunitycollege",
        "division": "DII"
    },
    {
        "name": "Montgomery College (MD)",
        "slug": "montgomerycollegemd",
        "division": "DII"
    },
    {
        "name": "Moraine Valley Community College",
        "slug": "morainevalleycommunitycollege",
        "division": "DII"
    },
    {
        "name": "Morton College",
        "slug": "mortoncollege",
        "division": "DII"
    },
    {
        "name": "Mott Community College",
        "slug": "mottcommunitycollege",
        "division": "DII"
    },
    {
        "name": "Muskegon Community College",
        "slug": "muskegoncommunitycollege",
        "division": "DII"
    },
    {
        "name": "National Park College",
        "slug": "nationalparkcollege",
        "division": "DII"
    },
    {
        "name": "Neosho County Community College",
        "slug": "neoshocountycommunitycollege",
        "division": "DII"
    },
    {
        "name": "North Arkansas College",
        "slug": "northarkansascollege",
        "division": "DII"
    },
    {
        "name": "North Central Michigan",
        "slug": "northcentralmichigan",
        "division": "DII"
    },
    {
        "name": "North Central Missouri College",
        "slug": "northcentralmissouricollege",
        "division": "DII"
    },
    {
        "name": "North Iowa Area Community College",
        "slug": "northiowaareacommunitycollege",
        "division": "DII"
    },
    {
        "name": "Northeast Community College",
        "slug": "northeastcommunitycollege",
        "division": "DII"
    },
    {
        "name": "Oakland Community College",
        "slug": "oaklandcommunitycollege",
        "division": "DII"
    },
    {
        "name": "Oakton Community College",
        "slug": "oaktoncommunitycollege",
        "division": "DII"
    },
    {
        "name": "Orange County Community College",
        "slug": "orangecountycommunitycollege",
        "division": "DII"
    },
    {
        "name": "Palm Beach State College",
        "slug": "palmbeachstatecollege",
        "division": "DII"
    },
    {
        "name": "Parkland College",
        "slug": "parklandcollege",
        "division": "DII"
    },
    {
        "name": "Pasco-Hernando State College",
        "slug": "pascohernandostatecollege",
        "division": "DII"
    },
    {
        "name": "Phillips Community College - UA",
        "slug": "phillipscommunitycollegeua",
        "division": "DII"
    },
    {
        "name": "Phoenix College",
        "slug": "phoenixcollege",
        "division": "DII"
    },
    {
        "name": "Pima Community College",
        "slug": "pimacommunitycollege",
        "division": "DII"
    },
    {
        "name": "Pitt Community College",
        "slug": "pittcommunitycollege",
        "division": "DII"
    },
    {
        "name": "Prairie State College",
        "slug": "prairiestatecollege",
        "division": "DII"
    },
    {
        "name": "Prince Georges Community College",
        "slug": "princegeorgescommunitycollege",
        "division": "DII"
    },
    {
        "name": "Raritan Valley Community College",
        "slug": "raritanvalleycommunitycollege",
        "division": "DII"
    },
    {
        "name": "Reid State Community College",
        "slug": "reidstatecommunitycollege",
        "division": "DII"
    },
    {
        "name": "Rend Lake College",
        "slug": "rendlakecollege",
        "division": "DII"
    },
    {
        "name": "Rock Valley College",
        "slug": "rockvalleycollege",
        "division": "DII"
    },
    {
        "name": "Rockland Community College",
        "slug": "rocklandcommunitycollege",
        "division": "DII"
    },
    {
        "name": "SUNY Niagara",
        "slug": "sunyniagara",
        "division": "DII"
    },
    {
        "name": "Schoolcraft College",
        "slug": "schoolcraftcollege",
        "division": "DII"
    },
    {
        "name": "Scottsdale Community College",
        "slug": "scottsdalecommunitycollege",
        "division": "DII"
    },
    {
        "name": "Shorter College",
        "slug": "shortercollege",
        "division": "DII"
    },
    {
        "name": "Snead State Community College",
        "slug": "sneadstatecommunitycollege",
        "division": "DII"
    },
    {
        "name": "South Arkansas College",
        "slug": "southarkansascollege",
        "division": "DII"
    },
    {
        "name": "South Mountain Community College",
        "slug": "southmountaincommunitycollege",
        "division": "DII"
    },
    {
        "name": "South Suburban College",
        "slug": "southsuburbancollege",
        "division": "DII"
    },
    {
        "name": "Southeast Arkansas College",
        "slug": "southeastarkansascollege",
        "division": "DII"
    },
    {
        "name": "Southern Arkansas University Tech",
        "slug": "southernarkansasuniversitytech",
        "division": "DII"
    },
    {
        "name": "Southwest Virginia",
        "slug": "southwestvirginia",
        "division": "DII"
    },
    {
        "name": "Southwestern Community College",
        "slug": "southwesterncommunitycollege",
        "division": "DII"
    },
    {
        "name": "Southwestern Michigan",
        "slug": "southwesternmichigan",
        "division": "DII"
    },
    {
        "name": "Spoon River College",
        "slug": "spoonrivercollege",
        "division": "DII"
    },
    {
        "name": "St. Clair County Community College",
        "slug": "stclaircountycommunitycollege",
        "division": "DII"
    },
    {
        "name": "St. Louis Community College",
        "slug": "stlouiscommunitycollege",
        "division": "DII"
    },
    {
        "name": "Terra State",
        "slug": "terrastate",
        "division": "DII"
    },
    {
        "name": "Ulster County Community College",
        "slug": "ulstercountycommunitycollege",
        "division": "DII"
    },
    {
        "name": "United Tribes Technical College",
        "slug": "unitedtribestechnicalcollege",
        "division": "DII"
    },
    {
        "name": "University of Arkansas Cossatot",
        "slug": "universityofarkansascossatot",
        "division": "DII"
    },
    {
        "name": "WVU Potomac State College",
        "slug": "wvupotomacstatecollege",
        "division": "DII"
    },
    {
        "name": "Wallace Community College-Selma",
        "slug": "wallacecommunitycollegeselma",
        "division": "DII"
    },
    {
        "name": "Waubonsee Community College",
        "slug": "waubonseecommunitycollege",
        "division": "DII"
    },
    {
        "name": "Wayne County Community College",
        "slug": "waynecountycommunitycollege",
        "division": "DII"
    },
    {
        "name": "Westchester Community College",
        "slug": "westchestercommunitycollege",
        "division": "DII"
    },
    {
        "name": "Western Iowa Tech",
        "slug": "westerniowatech",
        "division": "DII"
    },
    {
        "name": "Westmoreland County Community College",
        "slug": "westmorelandcountycommunitycollege",
        "division": "DII"
    },
    {
        "name": "Anoka-Ramsey Community College",
        "slug": "anokaramseycommunitycollege",
        "division": "DIII"
    },
    {
        "name": "Atlantic Cape Community College",
        "slug": "atlanticcapecommunitycollege",
        "division": "DIII"
    },
    {
        "name": "Bergen Community College",
        "slug": "bergencommunitycollege",
        "division": "DIII"
    },
    {
        "name": "Borough of Manhattan CC",
        "slug": "boroughofmanhattancommunitycollege",
        "division": "DIII"
    },
    {
        "name": "Bristol Community College",
        "slug": "bristolcommunitycollege",
        "division": "DIII"
    },
    {
        "name": "Bronx Community College",
        "slug": "bronxcommunitycollege",
        "division": "DIII"
    },
    {
        "name": "Brookdale Community College",
        "slug": "brookdalecommunitycollege",
        "division": "DIII"
    },
    {
        "name": "Bunker Hill Community College",
        "slug": "bunkerhillcommunitycollege",
        "division": "DIII"
    },
    {
        "name": "Butler County CC PA",
        "slug": "butlercountycommunitycollegepa",
        "division": "DIII"
    },
    {
        "name": "CC of Allegheny County",
        "slug": "ccofalleghenycounty",
        "division": "DIII"
    },
    {
        "name": "CC of Philadelphia",
        "slug": "communitycollegeofphiladelphia",
        "division": "DIII"
    },
    {
        "name": "CC of Rhode Island",
        "slug": "communitycollegeofrhodeisland",
        "division": "DIII"
    },
    {
        "name": "Camden County College",
        "slug": "camdencountycollege",
        "division": "DIII"
    },
    {
        "name": "Camp Community College",
        "slug": "campcommunitycollege",
        "division": "DIII"
    },
    {
        "name": "Cayuga Community College",
        "slug": "cayugacommunitycollege",
        "division": "DIII"
    },
    {
        "name": "Central Lakes College-Brainerd",
        "slug": "centrallakescollegebrainerd",
        "division": "DIII"
    },
    {
        "name": "Clinton CC NY",
        "slug": "clintoncommunitycollegeny",
        "division": "DIII"
    },
    {
        "name": "Columbia-Greene CC",
        "slug": "columbiagreenecommunitycollege",
        "division": "DIII"
    },
    {
        "name": "Corning Community College",
        "slug": "corningcommunitycollege",
        "division": "DIII"
    },
    {
        "name": "Dallas College Brookhaven",
        "slug": "dallascollegebrookhaven",
        "division": "DIII"
    },
    {
        "name": "Dallas College Cedar Valley",
        "slug": "dallascollegecedarvalley",
        "division": "DIII"
    },
    {
        "name": "Dallas College Eastfield",
        "slug": "dallascollegeeastfield",
        "division": "DIII"
    },
    {
        "name": "Dallas College Mountain View",
        "slug": "dallascollegemountainview",
        "division": "DIII"
    },
    {
        "name": "Dallas College North Lake",
        "slug": "dallascollegenorthlake",
        "division": "DIII"
    },
    {
        "name": "Dallas College Richland",
        "slug": "dallascollegerichland",
        "division": "DIII"
    },
    {
        "name": "Delaware County CC",
        "slug": "delawarecountycommunitycollege",
        "division": "DIII"
    },
    {
        "name": "Dutchess Community College",
        "slug": "dutchesscommunitycollege",
        "division": "DIII"
    },
    {
        "name": "Finger Lakes CC",
        "slug": "fingerlakescommunitycollege",
        "division": "DIII"
    },
    {
        "name": "Fulton-Montgomery CC",
        "slug": "fultonmontgomerycommunitycollege",
        "division": "DIII"
    },
    {
        "name": "Gateway CC CT",
        "slug": "gatewaycommunitycollegect",
        "division": "DIII"
    },
    {
        "name": "Genesee Community College",
        "slug": "geneseecommunitycollege",
        "division": "DIII"
    },
    {
        "name": "Harrisburg Area CC",
        "slug": "harrisburgareacommunitycollege",
        "division": "DIII"
    },
    {
        "name": "Herkimer College",
        "slug": "herkimercollege",
        "division": "DIII"
    },
    {
        "name": "Holyoke Community College",
        "slug": "holyokecommunitycollege",
        "division": "DIII"
    },
    {
        "name": "Hostos Community College",
        "slug": "hostoscommunitycollege",
        "division": "DIII"
    },
    {
        "name": "Hudson Valley CC",
        "slug": "hudsonvalleycommunitycollege",
        "division": "DIII"
    },
    {
        "name": "Jefferson CC",
        "slug": "jeffersoncommunitycollege",
        "division": "DIII"
    },
    {
        "name": "Joliet Junior College",
        "slug": "jolietjuniorcollege",
        "division": "DIII"
    },
    {
        "name": "Kingsborough CC",
        "slug": "kingsboroughcommunitycollege",
        "division": "DIII"
    },
    {
        "name": "LaGuardia CC",
        "slug": "laguardiacommunitycollege",
        "division": "DIII"
    },
    {
        "name": "Lorain County CC",
        "slug": "loraincountycommunitycollege",
        "division": "DIII"
    },
    {
        "name": "Luzerne County CC",
        "slug": "luzernecountycommunitycollege",
        "division": "DIII"
    },
    {
        "name": "MN North-Hibbing",
        "slug": "minnesotanorthcollegehibbing",
        "division": "DIII"
    },
    {
        "name": "MN North-Itasca",
        "slug": "minnesotanorthcollegeitasca",
        "division": "DIII"
    },
    {
        "name": "MN North-Mesabi Range",
        "slug": "minnesotanorthcollegemesabirange",
        "division": "DIII"
    },
    {
        "name": "MN North-Rainy River",
        "slug": "minnesotanorthcollegerainyriver",
        "division": "DIII"
    },
    {
        "name": "MN North-Vermilion",
        "slug": "minnesotanorthcollegevermilion",
        "division": "DIII"
    },
    {
        "name": "MN State C&T",
        "slug": "minnesotastatecommunityandtechnical",
        "division": "DIII"
    },
    {
        "name": "MN West C&T",
        "slug": "minnesotawestcommunitytechnicalcol",
        "division": "DIII"
    },
    {
        "name": "MassBay CC",
        "slug": "massbaycommunitycollege",
        "division": "DIII"
    },
    {
        "name": "Massasoit CC",
        "slug": "massasoitcommunitycollege",
        "division": "DIII"
    },
    {
        "name": "Mohawk Valley CC",
        "slug": "mohawkvalleycommunitycollege",
        "division": "DIII"
    },
    {
        "name": "Monroe University Bronx",
        "slug": "monroeuniversitybronx",
        "division": "DIII"
    },
    {
        "name": "Montgomery County CC PA",
        "slug": "montgomerycountycommunitycollegepa",
        "division": "DIII"
    },
    {
        "name": "Nassau Community College",
        "slug": "nassaucommunitycollege",
        "division": "DIII"
    },
    {
        "name": "North Country CC",
        "slug": "northcountrycommunitycollege",
        "division": "DIII"
    },
    {
        "name": "Northampton CC",
        "slug": "northamptoncommunitycollege",
        "division": "DIII"
    },
    {
        "name": "Northern Essex CC",
        "slug": "northernessexcommunitycollege",
        "division": "DIII"
    },
    {
        "name": "Northland C&T",
        "slug": "northlandcommunitytechnicalcollege",
        "division": "DIII"
    },
    {
        "name": "Ocean County College",
        "slug": "oceancountycollege",
        "division": "DIII"
    },
    {
        "name": "Onondaga CC",
        "slug": "onondagacommunitycollege",
        "division": "DIII"
    },
    {
        "name": "Owens Community College",
        "slug": "owenscommunitycollege",
        "division": "DIII"
    },
    {
        "name": "Oxford College Emory",
        "slug": "oxfordcollegeofemoryuniversity",
        "division": "DIII"
    },
    {
        "name": "PA Highlands CC",
        "slug": "pennsylvaniahighlandscommunitycollege",
        "division": "DIII"
    },
    {
        "name": "Passaic County CC",
        "slug": "passaiccountycommunitycollege",
        "division": "DIII"
    },
    {
        "name": "Patrick & Henry CC",
        "slug": "patrickhenrycommunitycollege",
        "division": "DIII"
    },
    {
        "name": "Queensborough CC",
        "slug": "queensboroughcommunitycollege",
        "division": "DIII"
    },
    {
        "name": "Quincy College",
        "slug": "quincycollege",
        "division": "DIII"
    },
    {
        "name": "Quinsigamond CC",
        "slug": "quinsigamondcommunitycollege",
        "division": "DIII"
    },
    {
        "name": "Ridgewater College",
        "slug": "ridgewatercollege",
        "division": "DIII"
    },
    {
        "name": "Riverland CC",
        "slug": "riverlandcommunitycollege",
        "division": "DIII"
    },
    {
        "name": "Rochester C&T",
        "slug": "rochestercommunityandtechnicalcolleg",
        "division": "DIII"
    },
    {
        "name": "Rowan SJ-Cumberland",
        "slug": "rowancollegeofsouthjerseycumberland",
        "division": "DIII"
    },
    {
        "name": "Rowan SJ-Gloucester",
        "slug": "rowancollegesouthjerseygloucester",
        "division": "DIII"
    },
    {
        "name": "Roxbury CC",
        "slug": "roxburycommunitycollege",
        "division": "DIII"
    },
    {
        "name": "SUNY Adirondack",
        "slug": "sunyadirondack",
        "division": "DIII"
    },
    {
        "name": "SUNY Broome",
        "slug": "sunybroomecommunitycollege",
        "division": "DIII"
    },
    {
        "name": "Salem Community College",
        "slug": "salemcommunitycollege",
        "division": "DIII"
    },
    {
        "name": "Sandhills CC",
        "slug": "sandhillscommunitycollege",
        "division": "DIII"
    },
    {
        "name": "Springfield Technical CC",
        "slug": "springfieldtechnicalcommunitycollege",
        "division": "DIII"
    },
    {
        "name": "St. Cloud Technical",
        "slug": "stcloudtechnicalcommunitycollege",
        "division": "DIII"
    },
    {
        "name": "Suffolk CC",
        "slug": "suffolkcc",
        "division": "DIII"
    },
    {
        "name": "Sullivan County CC",
        "slug": "sullivancountycommunitycollege",
        "division": "DIII"
    },
    {
        "name": "Sussex County CC",
        "slug": "sussexcountycommunitycollege",
        "division": "DIII"
    },
    {
        "name": "Thaddeus Stevens",
        "slug": "thaddeusstevenscollegeoftechnology",
        "division": "DIII"
    },
    {
        "name": "Tidewater CC",
        "slug": "tidewatercommunitycollege",
        "division": "DIII"
    },
    {
        "name": "Tompkins Cortland CC",
        "slug": "tompkinscortlandcommunitycollege",
        "division": "DIII"
    },
    {
        "name": "UCNJ",
        "slug": "ucnj",
        "division": "DIII"
    },
    {
        "name": "UConn Avery Point",
        "slug": "universityofconnecticutataverypoint",
        "division": "DIII"
    },
    {
        "name": "Virginia Peninsula CC",
        "slug": "virginiapeninsulacc",
        "division": "DIII"
    }
]